video_path	text_description	split
/cm/archive/thanhtvt1/MovieGenAudioBenchSfx/video_with_audio/0.mp4	juicy crunches of the apple being bitten into and chewed on.	test
/cm/archive/thanhtvt1/MovieGenAudioBenchSfx/video_with_audio/1.mp4	creamy sound of mashed potatoes being scooped.	test
/cm/archive/thanhtvt1/MovieGenAudioBenchSfx/video_with_audio/2.mp4	the slurping of noodles as the man eats with gusto, and the soft clinking of the fork against the plate as the man twirls the noodles.	test
/cm/archive/thanhtvt1/MovieGenAudioBenchSfx/video_with_audio/3.mp4	ice cubes clinking against the glass.	test
/cm/archive/thanhtvt1/MovieGenAudioBenchSfx/video_with_audio/4.mp4	peoples' footsteps and the gentle hum of the city in the background.	test
/cm/archive/thanhtvt1/MovieGenAudioBenchSfx/video_with_audio/5.mp4	the slurping and smacking of the child's tongue on the ice pop.	test
/cm/archive/thanhtvt1/MovieGenAudioBenchSfx/video_with_audio/6.mp4	a cat's gentle slurping and lapping sounds.	test
/cm/archive/thanhtvt1/MovieGenAudioBenchSfx/video_with_audio/7.mp4	dog's tongue lapping against the bowl.	test
/cm/archive/thanhtvt1/MovieGenAudioBenchSfx/video_with_audio/8.mp4	boy's tongue darts out and licks the cone with a slight slurping sound.	test
/cm/archive/thanhtvt1/MovieGenAudioBenchSfx/video_with_audio/9.mp4	straw sucking sounds with slurping noises.	test
/cm/archive/thanhtvt1/MovieGenAudioBenchSfx/video_with_audio/10.mp4	gentle sucking sounds from the pacifier.	test
/cm/archive/thanhtvt1/MovieGenAudioBenchSfx/video_with_audio/11.mp4	ice clinking in a glass, and a refreshing drink being sucked through a straw.	test
/cm/archive/thanhtvt1/MovieGenAudioBenchSfx/video_with_audio/12.mp4	soft gurgling sound of water being sipped.	test
/cm/archive/thanhtvt1/MovieGenAudioBenchSfx/video_with_audio/13.mp4	sound of noodle broth dripping back into soup, accompanied by gentle slurping and chewing.	test
/cm/archive/thanhtvt1/MovieGenAudioBenchSfx/video_with_audio/14.mp4	A sweet, satisfying slurp as the person drinks.	test
/cm/archive/thanhtvt1/MovieGenAudioBenchSfx/video_with_audio/15.mp4	slurping sounds of the spaghetti being devoured.	test
/cm/archive/thanhtvt1/MovieGenAudioBenchSfx/video_with_audio/16.mp4	ragged breathing with tiny gasps.	test
/cm/archive/thanhtvt1/MovieGenAudioBenchSfx/video_with_audio/17.mp4	wailing sounds carried away by the wind, and waves crash softly in the distance.	test
/cm/archive/thanhtvt1/MovieGenAudioBenchSfx/video_with_audio/18.mp4	the newborn baby's soft coos and whimpers, accompanied by the mother's heavy breathing and sniffling.	test
/cm/archive/thanhtvt1/MovieGenAudioBenchSfx/video_with_audio/19.mp4	person's laughter echoes through the room, body shaking with amusement.	test
/cm/archive/thanhtvt1/MovieGenAudioBenchSfx/video_with_audio/20.mp4	the group's laughter grows louder and more intense, with snorts and gasps for air.	test
/cm/archive/thanhtvt1/MovieGenAudioBenchSfx/video_with_audio/21.mp4	gritting teeth and heavy breaths are heard in the deserted alley, as a person walks.	test
/cm/archive/thanhtvt1/MovieGenAudioBenchSfx/video_with_audio/22.mp4	athlete's fist slams into the grass with a dull thud and a slight vibration, and yell echoes across the empty field with a slight reverb.	test
/cm/archive/thanhtvt1/MovieGenAudioBenchSfx/video_with_audio/23.mp4	the musician's heavy breathing and exhaling with a final triumphant yell.	test
/cm/archive/thanhtvt1/MovieGenAudioBenchSfx/video_with_audio/24.mp4	rustling of dry grasses and leaves beneath a lions paws, and subtle low growls from the lion.	test
/cm/archive/thanhtvt1/MovieGenAudioBenchSfx/video_with_audio/25.mp4	thunderous footsteps shake the ground, and the dinosaur's massive roar echoes through the valley.	test
/cm/archive/thanhtvt1/MovieGenAudioBenchSfx/video_with_audio/26.mp4	heavy breathing and growling of the bear as it rises up.	test
/cm/archive/thanhtvt1/MovieGenAudioBenchSfx/video_with_audio/27.mp4	soft rustling of leaves and grass as the hiker stands still.	test
/cm/archive/thanhtvt1/MovieGenAudioBenchSfx/video_with_audio/28.mp4	sudden, sharp intake of breath.	test
/cm/archive/thanhtvt1/MovieGenAudioBenchSfx/video_with_audio/29.mp4	person's labored breathing echoes in the attic.	test
/cm/archive/thanhtvt1/MovieGenAudioBenchSfx/video_with_audio/30.mp4	the crunch of dry leaves and twigs underfoot.	test
/cm/archive/thanhtvt1/MovieGenAudioBenchSfx/video_with_audio/32.mp4	footsteps echoing loudly off the walls and floor.	test
/cm/archive/thanhtvt1/MovieGenAudioBenchSfx/video_with_audio/33.mp4	sound of footsteps sidestepping and weaving through the crowd.	test
/cm/archive/thanhtvt1/MovieGenAudioBenchSfx/video_with_audio/34.mp4	Hooves and and a pair of boots crunch on dry grass and dirt with each step.	test
/cm/archive/thanhtvt1/MovieGenAudioBenchSfx/video_with_audio/35.mp4	clip-clop of the horse's hooves hitting the ground.	test
/cm/archive/thanhtvt1/MovieGenAudioBenchSfx/video_with_audio/36.mp4	hooves clanking on the asphalt.	test
/cm/archive/thanhtvt1/MovieGenAudioBenchSfx/video_with_audio/37.mp4	creaking wooden floor beneath the dog's paws.	test
/cm/archive/thanhtvt1/MovieGenAudioBenchSfx/video_with_audio/38.mp4	the dog's paws crunch softly into the grass.	test
/cm/archive/thanhtvt1/MovieGenAudioBenchSfx/video_with_audio/39.mp4	paws crunching on gravel with each step.	test
/cm/archive/thanhtvt1/MovieGenAudioBenchSfx/video_with_audio/40.mp4	soft patter of cat's paws on hardwood floor.	test
/cm/archive/thanhtvt1/MovieGenAudioBenchSfx/video_with_audio/41.mp4	paws sinking into the carpet with subtle thud.	test
/cm/archive/thanhtvt1/MovieGenAudioBenchSfx/video_with_audio/42.mp4	cat's claws tapping against wooden surface in rhythmic pattern.	test
/cm/archive/thanhtvt1/MovieGenAudioBenchSfx/video_with_audio/43.mp4	tiger's paws softly padding on the forest floor.	test
/cm/archive/thanhtvt1/MovieGenAudioBenchSfx/video_with_audio/44.mp4	tiger's massive paws softly thud on the ground.	test
/cm/archive/thanhtvt1/MovieGenAudioBenchSfx/video_with_audio/45.mp4	rustling of leaves and snapping of twigs under the tiger's paws.	test
/cm/archive/thanhtvt1/MovieGenAudioBenchSfx/video_with_audio/46.mp4	distant, low-frequency rumble of ancient beast.	test
/cm/archive/thanhtvt1/MovieGenAudioBenchSfx/video_with_audio/47.mp4	sound of dinosaur's heavy footsteps squishing into the sand.	test
/cm/archive/thanhtvt1/MovieGenAudioBenchSfx/video_with_audio/48.mp4	sound of waddling footsteps in snow.	test
/cm/archive/thanhtvt1/MovieGenAudioBenchSfx/video_with_audio/49.mp4	a penguin and human's footsteps crunching on snow and ice.	test
/cm/archive/thanhtvt1/MovieGenAudioBenchSfx/video_with_audio/50.mp4	Muffled crunching of frozen ice beneath the person's feet.	test
/cm/archive/thanhtvt1/MovieGenAudioBenchSfx/video_with_audio/51.mp4	punching bag creaks as fists connect with a loud thud, and chain holding the punching bag rattles and clanks.	test
/cm/archive/thanhtvt1/MovieGenAudioBenchSfx/video_with_audio/52.mp4	the sound of the surfboard gliding across the water with a soft humming.	test
/cm/archive/thanhtvt1/MovieGenAudioBenchSfx/video_with_audio/53.mp4	lapping of waves against the shore, and sound of surfboard gliding on water.	test
/cm/archive/thanhtvt1/MovieGenAudioBenchSfx/video_with_audio/54.mp4	the swooshing sound of the golf club cutting through the air.	test
/cm/archive/thanhtvt1/MovieGenAudioBenchSfx/video_with_audio/55.mp4	footsteps slapping against the treadmill with a consistent rhythm.	test
/cm/archive/thanhtvt1/MovieGenAudioBenchSfx/video_with_audio/56.mp4	wheels spinning rapidly and scraping against the concrete floor, and slamming sound as the skateboard lands on the concrete floor.	test
/cm/archive/thanhtvt1/MovieGenAudioBenchSfx/video_with_audio/57.mp4	springboard creaks and groans as the swimmer bounces up, and echoing sound of the swimmer's powerful entry resonates through the pool.	test
/cm/archive/thanhtvt1/MovieGenAudioBenchSfx/video_with_audio/58.mp4	rhythmic splashing and lapping of water.	test
/cm/archive/thanhtvt1/MovieGenAudioBenchSfx/video_with_audio/59.mp4	swimmer's heavy breathing and grunting with each stroke.	test
/cm/archive/thanhtvt1/MovieGenAudioBenchSfx/video_with_audio/60.mp4	creaking of the wooden floor as the dancer moves.	test
/cm/archive/thanhtvt1/MovieGenAudioBenchSfx/video_with_audio/61.mp4	fast and quick footsteps pound against the carpet.	test
/cm/archive/thanhtvt1/MovieGenAudioBenchSfx/video_with_audio/62.mp4	rustling of leaves and snapping of twigs under the fox's paws.	test
/cm/archive/thanhtvt1/MovieGenAudioBenchSfx/video_with_audio/63.mp4	rustling and crunching of leaves and twigs under the fox kit's paws.	test
/cm/archive/thanhtvt1/MovieGenAudioBenchSfx/video_with_audio/64.mp4	the cat's claws scratching against the windowpane.	test
/cm/archive/thanhtvt1/MovieGenAudioBenchSfx/video_with_audio/65.mp4	creaking of the old wooden windowsill under the cat's weight.	test
/cm/archive/thanhtvt1/MovieGenAudioBenchSfx/video_with_audio/66.mp4	tiger's claws scraping and screeching against the metal bars.	test
/cm/archive/thanhtvt1/MovieGenAudioBenchSfx/video_with_audio/67.mp4	wind rustles through the lion's mane.	test
/cm/archive/thanhtvt1/MovieGenAudioBenchSfx/video_with_audio/68.mp4	the rustling of leaves and snapping of twigs as the lion's paws move.	test
/cm/archive/thanhtvt1/MovieGenAudioBenchSfx/video_with_audio/69.mp4	small monkey's quick footsteps on the vine.	test
/cm/archive/thanhtvt1/MovieGenAudioBenchSfx/video_with_audio/70.mp4	rustling of leaves and twigs in the gentle breeze.	test
/cm/archive/thanhtvt1/MovieGenAudioBenchSfx/video_with_audio/71.mp4	a loud moo of the cow accompanied by snorting.	test
/cm/archive/thanhtvt1/MovieGenAudioBenchSfx/video_with_audio/72.mp4	gentle patting of the farmhand's palm on the cow's head.	test
/cm/archive/thanhtvt1/MovieGenAudioBenchSfx/video_with_audio/73.mp4	wind blows gently through the bare trees.	test
/cm/archive/thanhtvt1/MovieGenAudioBenchSfx/video_with_audio/74.mp4	distant mountains and valleys ambient noise with a slight wind blowing.	test
/cm/archive/thanhtvt1/MovieGenAudioBenchSfx/video_with_audio/75.mp4	roaring of the Spinosaurus echoes through the jungle, and powerful footsteps thudding on damp earth.	test
/cm/archive/thanhtvt1/MovieGenAudioBenchSfx/video_with_audio/76.mp4	wildflowers rustling in the gentle breeze.	test
/cm/archive/thanhtvt1/MovieGenAudioBenchSfx/video_with_audio/77.mp4	the hum of the car's engine accelerates loudly, followed by tires screeching and smoking from intense braking.	test
/cm/archive/thanhtvt1/MovieGenAudioBenchSfx/video_with_audio/78.mp4	loud screeching of train wheels on tracks, and rattling and shaking of train metal body.	test
/cm/archive/thanhtvt1/MovieGenAudioBenchSfx/video_with_audio/79.mp4	vintage motorcycle engine sputtering and roaring to life, accompanied by screeching of tires.	test
/cm/archive/thanhtvt1/MovieGenAudioBenchSfx/video_with_audio/80.mp4	wind blows softly in the background.	test
/cm/archive/thanhtvt1/MovieGenAudioBenchSfx/video_with_audio/81.mp4	gentle lapping of waves against the shore.	test
/cm/archive/thanhtvt1/MovieGenAudioBenchSfx/video_with_audio/82.mp4	gentle waves lapping against the sailboat's hull.	test
/cm/archive/thanhtvt1/MovieGenAudioBenchSfx/video_with_audio/83.mp4	bubbles rising to the surface, and school of fish splashing and swimming.	test
/cm/archive/thanhtvt1/MovieGenAudioBenchSfx/video_with_audio/84.mp4	water plants swaying and tapping against each other.	test
/cm/archive/thanhtvt1/MovieGenAudioBenchSfx/video_with_audio/85.mp4	Leaves rustling and gently swaying in the breeze.	test
/cm/archive/thanhtvt1/MovieGenAudioBenchSfx/video_with_audio/86.mp4	person's footsteps quiet on the soft earth, and branches and leaves rustling and snapping from underfoot.	test
/cm/archive/thanhtvt1/MovieGenAudioBenchSfx/video_with_audio/87.mp4	birds chirping and flapping their wings.	test
/cm/archive/thanhtvt1/MovieGenAudioBenchSfx/video_with_audio/88.mp4	crackling and spitting of the campfire.	test
/cm/archive/thanhtvt1/MovieGenAudioBenchSfx/video_with_audio/89.mp4	footsteps and murmurs of pedestrians in every direction.	test
/cm/archive/thanhtvt1/MovieGenAudioBenchSfx/video_with_audio/90.mp4	leather creaking as the person adjusts their seat.	test
/cm/archive/thanhtvt1/MovieGenAudioBenchSfx/video_with_audio/91.mp4	rattling of zippers and rustling of fabric, and hands shuffling through items in the bag.	test
/cm/archive/thanhtvt1/MovieGenAudioBenchSfx/video_with_audio/92.mp4	train wheels screech softly and slowly.	test
/cm/archive/thanhtvt1/MovieGenAudioBenchSfx/video_with_audio/93.mp4	strong gusts of wind howling and whipping sand particles.	test
/cm/archive/thanhtvt1/MovieGenAudioBenchSfx/video_with_audio/94.mp4	creaking of old wooden blades in powerful wind.	test
/cm/archive/thanhtvt1/MovieGenAudioBenchSfx/video_with_audio/95.mp4	faint sound of wind whispering across the field, and the crisp, delicate sound of individual snowflakes hitting the ground.	test
/cm/archive/thanhtvt1/MovieGenAudioBenchSfx/video_with_audio/96.mp4	soft patter of snowflakes landing on the frozen lake.	test
/cm/archive/thanhtvt1/MovieGenAudioBenchSfx/video_with_audio/97.mp4	snow crunching beneath the tires of the snowplow, and the rhythmic scraping of the snowplow's blade against the road.	test
/cm/archive/thanhtvt1/MovieGenAudioBenchSfx/video_with_audio/98.mp4	raindrops hitting the metal rooftop with rhythmic clatter.	test
/cm/archive/thanhtvt1/MovieGenAudioBenchSfx/video_with_audio/99.mp4	distant hum of city noise with occasional passing vehicles.	test
/cm/archive/thanhtvt1/MovieGenAudioBenchSfx/video_with_audio/100.mp4	a gentle rustling of the wind through the empty stadium.	test
/cm/archive/thanhtvt1/MovieGenAudioBenchSfx/video_with_audio/101.mp4	clinking of glasses and silverware on the tray in rhythm with the waiter's footsteps.	test
/cm/archive/thanhtvt1/MovieGenAudioBenchSfx/video_with_audio/102.mp4	hissing of the steaming wand creating a soothing background hum.	test
/cm/archive/thanhtvt1/MovieGenAudioBenchSfx/video_with_audio/103.mp4	giggles and murmurs of friends chatting fill the air.	test
/cm/archive/thanhtvt1/MovieGenAudioBenchSfx/video_with_audio/104.mp4	coffee pouring with a smooth gurgling sound.	test
/cm/archive/thanhtvt1/MovieGenAudioBenchSfx/video_with_audio/105.mp4	gentle pouring sound of the coffee.	test
/cm/archive/thanhtvt1/MovieGenAudioBenchSfx/video_with_audio/106.mp4	gurgling of coffee flowing from thermos.	test
/cm/archive/thanhtvt1/MovieGenAudioBenchSfx/video_with_audio/107.mp4	soft thudding sounds as books are placed on the desk, and stack of books softly scraping the wooden desk as they slide across.	test
/cm/archive/thanhtvt1/MovieGenAudioBenchSfx/video_with_audio/108.mp4	bright blue button clicking with a crisp, sharp sound.	test
/cm/archive/thanhtvt1/MovieGenAudioBenchSfx/video_with_audio/109.mp4	crackling and popping of the sparkler's sparks.	test
/cm/archive/thanhtvt1/MovieGenAudioBenchSfx/video_with_audio/110.mp4	whistling rocket propels upward with increasing pitch, and sharp explosion with loud crackling and sizzling.	test
/cm/archive/thanhtvt1/MovieGenAudioBenchSfx/video_with_audio/111.mp4	rocket engine roaring loudly and flames crackling.	test
/cm/archive/thanhtvt1/MovieGenAudioBenchSfx/video_with_audio/112.mp4	drumsticks strike the drumheads with loud thuds and sharp cracks.	test
/cm/archive/thanhtvt1/MovieGenAudioBenchSfx/video_with_audio/113.mp4	drums are hit with loud and intense thuds and crashes.	test
/cm/archive/thanhtvt1/MovieGenAudioBenchSfx/video_with_audio/114.mp4	strings humming and buzzing harmoniously, and fingers sliding and pressing strings.	test
/cm/archive/thanhtvt1/MovieGenAudioBenchSfx/video_with_audio/115.mp4	electric guitar power chords ringing out loudly and resonating.	test
/cm/archive/thanhtvt1/MovieGenAudioBenchSfx/video_with_audio/116.mp4	Finger pads plucking strings with a subtle vibration.	test
/cm/archive/thanhtvt1/MovieGenAudioBenchSfx/video_with_audio/117.mp4	the low hum of the piano's resonance and vibrations.	test
/cm/archive/thanhtvt1/MovieGenAudioBenchSfx/video_with_audio/118.mp4	pianist's fingers tap on the keys with a hollow sound.	test
/cm/archive/thanhtvt1/MovieGenAudioBenchSfx/video_with_audio/119.mp4	flute notes resonating through the air.	test
/cm/archive/thanhtvt1/MovieGenAudioBenchSfx/video_with_audio/120.mp4	tires crunching against the gravelly road surface, and the steady rhythm of the bike chain and gears.	test
/cm/archive/thanhtvt1/MovieGenAudioBenchSfx/video_with_audio/121.mp4	rustling footsteps on the pavement echo through the street.	test
/cm/archive/thanhtvt1/MovieGenAudioBenchSfx/video_with_audio/122.mp4	leaves crunching and crackling beneath the rake.	test
/cm/archive/thanhtvt1/MovieGenAudioBenchSfx/video_with_audio/123.mp4	distant hum of the city, gentle wind rustling through skyscrapers.	test
/cm/archive/thanhtvt1/MovieGenAudioBenchSfx/video_with_audio/124.mp4	wind rustling.	test
/cm/archive/thanhtvt1/MovieGenAudioBenchSfx/video_with_audio/125.mp4	echoing footsteps on a wooden floor.	test
/cm/archive/thanhtvt1/MovieGenAudioBenchSfx/video_with_audio/126.mp4	the sharp, clicks of footsteps on marble floor, and the sound of distant murmurs and muffled conversations.	test
/cm/archive/thanhtvt1/MovieGenAudioBenchSfx/video_with_audio/127.mp4	rhythmic clacking of the train tracks as the train moves.	test
/cm/archive/thanhtvt1/MovieGenAudioBenchSfx/video_with_audio/128.mp4	the sound of footsteps and murmurs as people move around the plaza , and water splashing and flowing from the fountain in the background.	test
/cm/archive/thanhtvt1/MovieGenAudioBenchSfx/video_with_audio/129.mp4	thousands of people cheering and clapping in unison.	test
/cm/archive/thanhtvt1/MovieGenAudioBenchSfx/video_with_audio/130.mp4	murmurs and whispers fill the room,with soft clinking of cups and saucers.	test
/cm/archive/thanhtvt1/MovieGenAudioBenchSfx/video_with_audio/131.mp4	fingers typing rapidly on a keyboard, and soft murmur of people chatting in the background.	test
/cm/archive/thanhtvt1/MovieGenAudioBenchSfx/video_with_audio/132.mp4	chattering and murmurs of students in the courtyard.	test
/cm/archive/thanhtvt1/MovieGenAudioBenchSfx/video_with_audio/133.mp4	echoing footsteps reverberate across the vast atrium.	test
/cm/archive/thanhtvt1/MovieGenAudioBenchSfx/video_with_audio/134.mp4	rattling noise of the cleaning cart's wheels on the floor, and footsteps echoing down the deserted corridor.	test
/cm/archive/thanhtvt1/MovieGenAudioBenchSfx/video_with_audio/135.mp4	scraping sound of the worker's boots on the dusty floor, accompanied by the rattling of tools in the worker's pockets.	test
/cm/archive/thanhtvt1/MovieGenAudioBenchSfx/video_with_audio/136.mp4	the sound of dim humming from the computer.	test
/cm/archive/thanhtvt1/MovieGenAudioBenchSfx/video_with_audio/137.mp4	soft rustling of the book's pages.	test
/cm/archive/thanhtvt1/MovieGenAudioBenchSfx/video_with_audio/138.mp4	gentle whoosh of the woman's slow and deep breaths.	test
/cm/archive/thanhtvt1/MovieGenAudioBenchSfx/video_with_audio/139.mp4	footsteps echoing off the walls and ceiling, accompanied by the scraping wheels of luggage.	test
/cm/archive/thanhtvt1/MovieGenAudioBenchSfx/video_with_audio/140.mp4	rustling of papers and files being sorted.	test
/cm/archive/thanhtvt1/MovieGenAudioBenchSfx/video_with_audio/141.mp4	newspaper pages rustling and turning.	test
/cm/archive/thanhtvt1/MovieGenAudioBenchSfx/video_with_audio/142.mp4	soft footsteps echo off marble floor.	test
/cm/archive/thanhtvt1/MovieGenAudioBenchSfx/video_with_audio/143.mp4	soft clinking of a spoon against a mug as coffee is stirred, and muted murmurs of distant conversations between cafe patrons.	test
/cm/archive/thanhtvt1/MovieGenAudioBenchSfx/video_with_audio/144.mp4	delicate clinking of cups and saucers, and gentle hum of cafe atmosphere with muffled conversations.	test
/cm/archive/thanhtvt1/MovieGenAudioBenchSfx/video_with_audio/145.mp4	footsteps echoing through the empty tent.	test
/cm/archive/thanhtvt1/MovieGenAudioBenchSfx/video_with_audio/146.mp4	vibrant balloons rubbing against each other in the wind.	test
/cm/archive/thanhtvt1/MovieGenAudioBenchSfx/video_with_audio/147.mp4	footsteps echoing off arcade machines, and gentle beeps and chimes of arcade games.	test
/cm/archive/thanhtvt1/MovieGenAudioBenchSfx/video_with_audio/148.mp4	rows of arcade machines humming and buzzing continuously.	test
/cm/archive/thanhtvt1/MovieGenAudioBenchSfx/video_with_audio/149.mp4	soft footsteps echoing down the corridor, and flickering fluorescent lights humming overhead.	test
/cm/archive/thanhtvt1/MovieGenAudioBenchSfx/video_with_audio/150.mp4	rustling of papers as the doctor flips through the file.	test
/cm/archive/thanhtvt1/MovieGenAudioBenchSfx/video_with_audio/151.mp4	quiet footsteps of the person walking into the room.	test
/cm/archive/thanhtvt1/MovieGenAudioBenchSfx/video_with_audio/152.mp4	Footsteps echoing off marble floor.	test
/cm/archive/thanhtvt1/MovieGenAudioBenchSfx/video_with_audio/153.mp4	soft brushing sounds on delicate ceramic, and muted echo of footsteps on the museum floor.	test
/cm/archive/thanhtvt1/MovieGenAudioBenchSfx/video_with_audio/154.mp4	keys clacking on the keyboard.	test
/cm/archive/thanhtvt1/MovieGenAudioBenchSfx/video_with_audio/155.mp4	footsteps muffled by the carpet.	test
/cm/archive/thanhtvt1/MovieGenAudioBenchSfx/video_with_audio/156.mp4	footsteps echoing off the marble floor.	test
/cm/archive/thanhtvt1/MovieGenAudioBenchSfx/video_with_audio/157.mp4	rustling papers and mail being sorted.	test
/cm/archive/thanhtvt1/MovieGenAudioBenchSfx/video_with_audio/158.mp4	metallic creaking as the cart wheels spin, and echoing footsteps on the polished concrete floor.	test
/cm/archive/thanhtvt1/MovieGenAudioBenchSfx/video_with_audio/159.mp4	patrons murmuring softly in the background.	test
/cm/archive/thanhtvt1/MovieGenAudioBenchSfx/video_with_audio/160.mp4	echoing footsteps on polished stone floor, and screeching wheels of a train as it passes by in the background gradually getting louder.	test
/cm/archive/thanhtvt1/MovieGenAudioBenchSfx/video_with_audio/161.mp4	gentle lapping of waves against the shore, soft crunching of sand and pebbles beneath footsteps, and seagulls calling out in the distance.	test
/cm/archive/thanhtvt1/MovieGenAudioBenchSfx/video_with_audio/162.mp4	gentle rustling of palm leaves in the breeze.	test
/cm/archive/thanhtvt1/MovieGenAudioBenchSfx/video_with_audio/164.mp4	footsteps crunching on dirt path.	test
/cm/archive/thanhtvt1/MovieGenAudioBenchSfx/video_with_audio/165.mp4	soft rustling of wheat stalks as they sway back and forth.	test
/cm/archive/thanhtvt1/MovieGenAudioBenchSfx/video_with_audio/166.mp4	rustling of seeds and soil.	test
/cm/archive/thanhtvt1/MovieGenAudioBenchSfx/video_with_audio/167.mp4	rustling of vines and leaves as the curtain is pushed aside, accompanied by soft footsteps on the forest floor as the person enters the clearing.	test
/cm/archive/thanhtvt1/MovieGenAudioBenchSfx/video_with_audio/168.mp4	gentle gurgling of the stream's current.	test
/cm/archive/thanhtvt1/MovieGenAudioBenchSfx/video_with_audio/169.mp4	customers chatting in the background with distant laughter.	test
/cm/archive/thanhtvt1/MovieGenAudioBenchSfx/video_with_audio/170.mp4	leaves rustling against each other in the gentle breeze.	test
/cm/archive/thanhtvt1/MovieGenAudioBenchSfx/video_with_audio/171.mp4	soft creaking of the fishing rod as the person holds it.	test
/cm/archive/thanhtvt1/MovieGenAudioBenchSfx/video_with_audio/172.mp4	soft ripples spreading across the water.	test
/cm/archive/thanhtvt1/MovieGenAudioBenchSfx/video_with_audio/173.mp4	footsteps scuff against the pavement with a crunching sound.	test
/cm/archive/thanhtvt1/MovieGenAudioBenchSfx/video_with_audio/174.mp4	rustling of papers and clothes inside the backpack, and the backpack's zippers open and close.	test
/cm/archive/thanhtvt1/MovieGenAudioBenchSfx/video_with_audio/175.mp4	gentle scratching of the broom bristles on the sidewalk.	test
/cm/archive/thanhtvt1/MovieGenAudioBenchSfx/video_with_audio/176.mp4	the sound of wheels on the pavement changes pitch as the cyclist shifts gears.	test
/cm/archive/thanhtvt1/MovieGenAudioBenchSfx/video_with_audio/177.mp4	footsteps clicking on the sidewalk rhythmically.	test
/cm/archive/thanhtvt1/MovieGenAudioBenchSfx/video_with_audio/178.mp4	gentle hum of bicycle tires on the road.	test
/cm/archive/thanhtvt1/MovieGenAudioBenchSfx/video_with_audio/179.mp4	water gurgling and splashing against the rocks.	test
/cm/archive/thanhtvt1/MovieGenAudioBenchSfx/video_with_audio/180.mp4	gentle lapping of water against the shore, and early morning birdsong with soft chirping and trilling.	test
/cm/archive/thanhtvt1/MovieGenAudioBenchSfx/video_with_audio/181.mp4	birds chirp and sing in the distance, their melodies intertwining with the rustling of leaves.	test
/cm/archive/thanhtvt1/MovieGenAudioBenchSfx/video_with_audio/182.mp4	a gentle rustling of leaves.	test
/cm/archive/thanhtvt1/MovieGenAudioBenchSfx/video_with_audio/183.mp4	seagulls squawk in the distance, their wings flapping lazily.	test
/cm/archive/thanhtvt1/MovieGenAudioBenchSfx/video_with_audio/184.mp4	waves gently lapping at the shore.	test
/cm/archive/thanhtvt1/MovieGenAudioBenchSfx/video_with_audio/185.mp4	waves gently lapping at the shore, and seagulls flying overhead with distant squawks.	test
/cm/archive/thanhtvt1/MovieGenAudioBenchSfx/video_with_audio/186.mp4	a gentle breeze blows through the wheat, rustling the delicate plumes.	test
/cm/archive/thanhtvt1/MovieGenAudioBenchSfx/video_with_audio/187.mp4	gentle rustling of the grass blades as the person's fingers move across.	test
/cm/archive/thanhtvt1/MovieGenAudioBenchSfx/video_with_audio/188.mp4	a gentle wind blows across the desert landscape.	test
/cm/archive/thanhtvt1/MovieGenAudioBenchSfx/video_with_audio/189.mp4	gentle waves crashing against the shore.	test
/cm/archive/thanhtvt1/MovieGenAudioBenchSfx/video_with_audio/190.mp4	water lapping gently against the dock's pillars.	test
/cm/archive/thanhtvt1/MovieGenAudioBenchSfx/video_with_audio/191.mp4	train's engine roaring in the distance with a low rumble.	test
/cm/archive/thanhtvt1/MovieGenAudioBenchSfx/video_with_audio/192.mp4	The cyclist's bicycle wheels spin and hum as they ride along the promenade.	test
/cm/archive/thanhtvt1/MovieGenAudioBenchSfx/video_with_audio/193.mp4	gentle revving of car engines in the distance.	test
/cm/archive/thanhtvt1/MovieGenAudioBenchSfx/video_with_audio/194.mp4	person's footsteps echoing off the platform, and train engine humming from a distance.	test
/cm/archive/thanhtvt1/MovieGenAudioBenchSfx/video_with_audio/195.mp4	distant humming of airliner's engines.	test
/cm/archive/thanhtvt1/MovieGenAudioBenchSfx/video_with_audio/196.mp4	echoing footsteps of travelers on the polished stone floor, and rustling of luggage wheels and bags being dragged across the floor.	test
/cm/archive/thanhtvt1/MovieGenAudioBenchSfx/video_with_audio/197.mp4	person's footsteps creaking on the old wooden dock, and water rippling against the shore.	test
/cm/archive/thanhtvt1/MovieGenAudioBenchSfx/video_with_audio/198.mp4	gentle water lapping against the shore, and colorful sails flapping in the breeze.	test
/cm/archive/thanhtvt1/MovieGenAudioBenchSfx/video_with_audio/199.mp4	water lapping against the pier with a soothing rhythm.	test
/cm/archive/thanhtvt1/MovieGenAudioBenchSfx/video_with_audio/200.mp4	water laps gently against the dock, and submarine's engines humming gradually growing louder.	test
/cm/archive/thanhtvt1/MovieGenAudioBenchSfx/video_with_audio/201.mp4	gentle water ripples and light splashing sounds, and a low humming noise emanates from the submarine's engines.	test
/cm/archive/thanhtvt1/MovieGenAudioBenchSfx/video_with_audio/202.mp4	gentle bicycle wheels turning on the pavement.	test
/cm/archive/thanhtvt1/MovieGenAudioBenchSfx/video_with_audio/203.mp4	soft wheels hum against the pavement.	test
/cm/archive/thanhtvt1/MovieGenAudioBenchSfx/video_with_audio/204.mp4	rolling wheels screeching and humming.	test
/cm/archive/thanhtvt1/MovieGenAudioBenchSfx/video_with_audio/205.mp4	the sound of the roller skates wheels rolling smoothly over the wooden planks.	test
/cm/archive/thanhtvt1/MovieGenAudioBenchSfx/video_with_audio/206.mp4	humming and whooshing of a helicopter hovering close.	test
/cm/archive/thanhtvt1/MovieGenAudioBenchSfx/video_with_audio/207.mp4	helicopter rotors drumming and squeaking in the distance.	test
/cm/archive/thanhtvt1/MovieGenAudioBenchSfx/video_with_audio/208.mp4	humming of the motorbike engine at low revs.	test
/cm/archive/thanhtvt1/MovieGenAudioBenchSfx/video_with_audio/209.mp4	engine revving and tires screeching as the motorbike takes off.	test
/cm/archive/thanhtvt1/MovieGenAudioBenchSfx/video_with_audio/210.mp4	the tram's metal body screeches and groans.	test
/cm/archive/thanhtvt1/MovieGenAudioBenchSfx/video_with_audio/211.mp4	Engine roaring and revving as the ATV accelerates and decelerates.	test
/cm/archive/thanhtvt1/MovieGenAudioBenchSfx/video_with_audio/212.mp4	tires crunching on fallen branches and leaves.	test
/cm/archive/thanhtvt1/MovieGenAudioBenchSfx/video_with_audio/213.mp4	Rumbling ATV engine noise precedes screeching tires and gravel crunching.	test
/cm/archive/thanhtvt1/MovieGenAudioBenchSfx/video_with_audio/214.mp4	wooden pole creaks as person grasps it firmly, and cable car's metal wheels screech against the tracks.	test
/cm/archive/thanhtvt1/MovieGenAudioBenchSfx/video_with_audio/215.mp4	soft humming of the drone's propellers.	test
/cm/archive/thanhtvt1/MovieGenAudioBenchSfx/video_with_audio/216.mp4	drone's propellers spinning and humming softly, and gentle waves crashing and splashing against the shore.	test
/cm/archive/thanhtvt1/MovieGenAudioBenchSfx/video_with_audio/217.mp4	gentle hum of the drone.	test
/cm/archive/thanhtvt1/MovieGenAudioBenchSfx/video_with_audio/218.mp4	humming of the scooter engine accelerates slowly.	test
/cm/archive/thanhtvt1/MovieGenAudioBenchSfx/video_with_audio/219.mp4	scooter wheels humming on the pavement.	test
/cm/archive/thanhtvt1/MovieGenAudioBenchSfx/video_with_audio/220.mp4	distant rumble of the Space Shuttle's engines.	test
/cm/archive/thanhtvt1/MovieGenAudioBenchSfx/video_with_audio/221.mp4	distant hum of passing cars and buses with muffled horns.	test
/cm/archive/thanhtvt1/MovieGenAudioBenchSfx/video_with_audio/222.mp4	rustling and creaking of the bicycle's chain and pedals.	test
/cm/archive/thanhtvt1/MovieGenAudioBenchSfx/video_with_audio/223.mp4	vibrations and humming of vehicles driving by.	test
/cm/archive/thanhtvt1/MovieGenAudioBenchSfx/video_with_audio/224.mp4	footsteps echoing off the pavement.	test
/cm/archive/thanhtvt1/MovieGenAudioBenchSfx/video_with_audio/225.mp4	tires humming and whirring on the pavement.	test
/cm/archive/thanhtvt1/MovieGenAudioBenchSfx/video_with_audio/226.mp4	gentle lapping of water against the boat's hull.	test
/cm/archive/thanhtvt1/MovieGenAudioBenchSfx/video_with_audio/227.mp4	gently flowing water splashes against the rocky cliff.	test
/cm/archive/thanhtvt1/MovieGenAudioBenchSfx/video_with_audio/228.mp4	footsteps squelching in wet underbrush.	test
/cm/archive/thanhtvt1/MovieGenAudioBenchSfx/video_with_audio/229.mp4	leaves rustling softly against each other, and gentle creaking of the tree branch.	test
/cm/archive/thanhtvt1/MovieGenAudioBenchSfx/video_with_audio/230.mp4	the wind rustles and blows through the fabric, causing it to ripple and flap.	test
/cm/archive/thanhtvt1/MovieGenAudioBenchSfx/video_with_audio/231.mp4	distant thunder rumbles and crackles.	test
/cm/archive/thanhtvt1/MovieGenAudioBenchSfx/video_with_audio/232.mp4	gentle rustling of leaves and delicate petals.	test
/cm/archive/thanhtvt1/MovieGenAudioBenchSfx/video_with_audio/233.mp4	crickets chirp in the woods, creating an eerie atmosphere.	test
/cm/archive/thanhtvt1/MovieGenAudioBenchSfx/video_with_audio/234.mp4	gentle creaking of the old wooden porch swing.	test
/cm/archive/thanhtvt1/MovieGenAudioBenchSfx/video_with_audio/235.mp4	hooves thudding heavily against the earth.	test
/cm/archive/thanhtvt1/MovieGenAudioBenchSfx/video_with_audio/236.mp4	gentle scratching sounds behind puppy's ears.	test
/cm/archive/thanhtvt1/MovieGenAudioBenchSfx/video_with_audio/237.mp4	soft natural ambiance in the background.	test
/cm/archive/thanhtvt1/MovieGenAudioBenchSfx/video_with_audio/238.mp4	footsteps crunching on damp leaves and snapping twigs.	test
/cm/archive/thanhtvt1/MovieGenAudioBenchSfx/video_with_audio/239.mp4	gentle scratching sound of beetle's legs on skin.	test
/cm/archive/thanhtvt1/MovieGenAudioBenchSfx/video_with_audio/240.mp4	rustling of grass as the farmer walks through the field, and flapping of birds.	test
/cm/archive/thanhtvt1/MovieGenAudioBenchSfx/video_with_audio/241.mp4	chicken's beak scratching the ground, and cow's jaws slowly chewing its cud.	test
/cm/archive/thanhtvt1/MovieGenAudioBenchSfx/video_with_audio/242.mp4	rustling of hay and straw beneath the farmer's boots, and rooster's loud squawk echoes through the barn.	test
/cm/archive/thanhtvt1/MovieGenAudioBenchSfx/video_with_audio/243.mp4	the sound of claws clicking on the windowsill, and gentle purring with a low hum.	test
/cm/archive/thanhtvt1/MovieGenAudioBenchSfx/video_with_audio/244.mp4	pattering of little paws on the smooth floor, and soft squeaks and chirps of the rabbit.	test
/cm/archive/thanhtvt1/MovieGenAudioBenchSfx/video_with_audio/245.mp4	rustling of grass beneath the donkeys' hooves.	test
/cm/archive/thanhtvt1/MovieGenAudioBenchSfx/video_with_audio/246.mp4	thundering hooves pounding the earth.	test
/cm/archive/thanhtvt1/MovieGenAudioBenchSfx/video_with_audio/247.mp4	water splashing and slapping against the shore.	test
/cm/archive/thanhtvt1/MovieGenAudioBenchSfx/video_with_audio/248.mp4	gentle movement of the person's hands and the bird's beak.	test
/cm/archive/thanhtvt1/MovieGenAudioBenchSfx/video_with_audio/249.mp4	rustling of leaves and snapping of twigs underfoot.	test
/cm/archive/thanhtvt1/MovieGenAudioBenchSfx/video_with_audio/250.mp4	the sloth's claws scraping against the leaves and branches, and leaves and branches creaking and swaying in the wind.	test
/cm/archive/thanhtvt1/MovieGenAudioBenchSfx/video_with_audio/251.mp4	scaly feet scratching against the sand.	test
/cm/archive/thanhtvt1/MovieGenAudioBenchSfx/video_with_audio/252.mp4	rustling and crunching sounds of the snake's body moving through leaves and twigs, and hissing and spitting sounds of the snake.	test
/cm/archive/thanhtvt1/MovieGenAudioBenchSfx/video_with_audio/253.mp4	the sound of dry leaves and sand being crunched under the iguanas' feet.	test
/cm/archive/thanhtvt1/MovieGenAudioBenchSfx/video_with_audio/254.mp4	ducks quacking loudly and splashing in the water.	test
/cm/archive/thanhtvt1/MovieGenAudioBenchSfx/video_with_audio/255.mp4	vibrating throat sounds from frog's continuous chirps and croaks.	test
/cm/archive/thanhtvt1/MovieGenAudioBenchSfx/video_with_audio/256.mp4	wetland water splashing and splattering as geese wade, and geese honking loudly in the distance.	test
/cm/archive/thanhtvt1/MovieGenAudioBenchSfx/video_with_audio/257.mp4	rustling and crunching of leaves as the monkey leaps from branch to branch.	test
/cm/archive/thanhtvt1/MovieGenAudioBenchSfx/video_with_audio/258.mp4	twigs and leaves crunching and snapping underfoot.	test
/cm/archive/thanhtvt1/MovieGenAudioBenchSfx/video_with_audio/259.mp4	water rippling and splashing as the ducks swim and paddle.	test
/cm/archive/thanhtvt1/MovieGenAudioBenchSfx/video_with_audio/260.mp4	the fox's soft panting and quick footsteps on the rocks, and gentle gurgling and bubbling of water.	test
/cm/archive/thanhtvt1/MovieGenAudioBenchSfx/video_with_audio/261.mp4	loud thudding of paws against hardwood floor.	test
/cm/archive/thanhtvt1/MovieGenAudioBenchSfx/video_with_audio/262.mp4	the dog's claws scratch against the hardwood floor, and a series of low, rumbling grunts as the dog stretches.	test
/cm/archive/thanhtvt1/MovieGenAudioBenchSfx/video_with_audio/263.mp4	soft rustling of the ant's legs against the rough surface.	test
/cm/archive/thanhtvt1/MovieGenAudioBenchSfx/video_with_audio/264.mp4	a gentle chirp is heard, followed by a faint echo.	test
/cm/archive/thanhtvt1/MovieGenAudioBenchSfx/video_with_audio/265.mp4	birds chirping and flapping their wings.	test
/cm/archive/thanhtvt1/MovieGenAudioBenchSfx/video_with_audio/266.mp4	hooves hitting the ground in a rhythmic pattern.	test
/cm/archive/thanhtvt1/MovieGenAudioBenchSfx/video_with_audio/267.mp4	rapid pattering of paws on wooden floor.	test
/cm/archive/thanhtvt1/MovieGenAudioBenchSfx/video_with_audio/268.mp4	scraping and clattering of hooves against the rocks.	test
/cm/archive/thanhtvt1/MovieGenAudioBenchSfx/video_with_audio/269.mp4	hooves pounding against the ground.	test
/cm/archive/thanhtvt1/MovieGenAudioBenchSfx/video_with_audio/270.mp4	tentacles rippling and flexing with a soft whooshing sound.	test
/cm/archive/thanhtvt1/MovieGenAudioBenchSfx/video_with_audio/271.mp4	bubbling sounds of the sea anemone's delicate tentacles.	test
/cm/archive/thanhtvt1/MovieGenAudioBenchSfx/video_with_audio/272.mp4	rustling of the rodents' fur and squeaking sounds as they scurry around.	test
/cm/archive/thanhtvt1/MovieGenAudioBenchSfx/video_with_audio/273.mp4	gentle rustling of the leaf as the tarantula moves.	test
/cm/archive/thanhtvt1/MovieGenAudioBenchSfx/video_with_audio/274.mp4	scaly legs scraping against rocky terrain.	test
/cm/archive/thanhtvt1/MovieGenAudioBenchSfx/video_with_audio/275.mp4	rustling leaves and snapping twigs beneath the snake's slithering body.	test
/cm/archive/thanhtvt1/MovieGenAudioBenchSfx/video_with_audio/276.mp4	paddles dipping into water with a gentle swooshing sound.	test
/cm/archive/thanhtvt1/MovieGenAudioBenchSfx/video_with_audio/277.mp4	the sound of the waterfowl waddling through the shallow water and reeds.	test
/cm/archive/thanhtvt1/MovieGenAudioBenchSfx/video_with_audio/278.mp4	hooves pounding rhythmically against the earth, and distant birds chirping and singing in the forest canopy.	test
/cm/archive/thanhtvt1/MovieGenAudioBenchSfx/video_with_audio/279.mp4	water splashing and rippling as the bear moves through the stream.	test
/cm/archive/thanhtvt1/MovieGenAudioBenchSfx/video_with_audio/280.mp4	sheep and goats footsteps echoing off the hills.	test
/cm/archive/thanhtvt1/MovieGenAudioBenchSfx/video_with_audio/281.mp4	Clatter of horse hooves on the snow-covered street, and jingling of multiple rows of sleigh bells on the horse's harness.	test
/cm/archive/thanhtvt1/MovieGenAudioBenchSfx/video_with_audio/282.mp4	gentle beeps and chimes resonate from the smart home hub.	test
/cm/archive/thanhtvt1/MovieGenAudioBenchSfx/video_with_audio/283.mp4	murmurs of people talking in the background, footsteps echoing off the hallway walls.	test
/cm/archive/thanhtvt1/MovieGenAudioBenchSfx/video_with_audio/284.mp4	flickering and humming of the old TV set.	test
/cm/archive/thanhtvt1/MovieGenAudioBenchSfx/video_with_audio/285.mp4	glitches of different TV stations with quick changes in volume.	test
/cm/archive/thanhtvt1/MovieGenAudioBenchSfx/video_with_audio/286.mp4	lens zooms in and out with a soft clicking sound, and distant traffic sounds with car honks and screeching tires.	test
/cm/archive/thanhtvt1/MovieGenAudioBenchSfx/video_with_audio/287.mp4	camera beeps and clicks rapidly as the settings are adjusted.	test
/cm/archive/thanhtvt1/MovieGenAudioBenchSfx/video_with_audio/288.mp4	fingers rapidly tapping on the keyboard.	test
/cm/archive/thanhtvt1/MovieGenAudioBenchSfx/video_with_audio/289.mp4	servers humming and whirring loudly.	test
/cm/archive/thanhtvt1/MovieGenAudioBenchSfx/video_with_audio/290.mp4	urgent alarm blares loudly from speakers.	test
/cm/archive/thanhtvt1/MovieGenAudioBenchSfx/video_with_audio/291.mp4	distinct beeps with finger tapping.	test
/cm/archive/thanhtvt1/MovieGenAudioBenchSfx/video_with_audio/292.mp4	fingers rapidly tapping on the keyboard.	test
/cm/archive/thanhtvt1/MovieGenAudioBenchSfx/video_with_audio/293.mp4	a steady beeping of the handheld heart rate monitor.	test
/cm/archive/thanhtvt1/MovieGenAudioBenchSfx/video_with_audio/295.mp4	the sound of a vacuum pump running in the background.	test
/cm/archive/thanhtvt1/MovieGenAudioBenchSfx/video_with_audio/296.mp4	bubbling and gurgling of the electrolyte solution flowing into the battery.	test
/cm/archive/thanhtvt1/MovieGenAudioBenchSfx/video_with_audio/297.mp4	mouse clicking loudly on a flat surface.	test
/cm/archive/thanhtvt1/MovieGenAudioBenchSfx/video_with_audio/298.mp4	a finger tapping on the screen of a tablet.	test
/cm/archive/thanhtvt1/MovieGenAudioBenchSfx/video_with_audio/299.mp4	Gentle strumming of the guitar with a soaring sound.	test
/cm/archive/thanhtvt1/MovieGenAudioBenchSfx/video_with_audio/300.mp4	finger tapping on the screen.	test
/cm/archive/thanhtvt1/MovieGenAudioBenchSfx/video_with_audio/301.mp4	a gentle humming of the car's engine in the background.	test
/cm/archive/thanhtvt1/MovieGenAudioBenchSfx/video_with_audio/302.mp4	The lights on the console fade with a gentle buzzing, followed by an eerie silence.	test
/cm/archive/thanhtvt1/MovieGenAudioBenchSfx/video_with_audio/303.mp4	humming of the server tower's fans spinning rapidly.	test
/cm/archive/thanhtvt1/MovieGenAudioBenchSfx/video_with_audio/304.mp4	Multiple machinery whirring and humming in the background.	test
/cm/archive/thanhtvt1/MovieGenAudioBenchSfx/video_with_audio/305.mp4	background hiss of fluorescent lights and distant machinery rumbles.	test
/cm/archive/thanhtvt1/MovieGenAudioBenchSfx/video_with_audio/306.mp4	soft rustling of papers and office supplies as the mouse rolls over them.	test
/cm/archive/thanhtvt1/MovieGenAudioBenchSfx/video_with_audio/307.mp4	smooth gliding of the mouse on the mousepad.	test
/cm/archive/thanhtvt1/MovieGenAudioBenchSfx/video_with_audio/308.mp4	electronic humming fills the air as the synthesizer roars to life.	test
/cm/archive/thanhtvt1/MovieGenAudioBenchSfx/video_with_audio/309.mp4	heavy rain pounds against the cliff and the person.	test
/cm/archive/thanhtvt1/MovieGenAudioBenchSfx/video_with_audio/310.mp4	violent wind howling and whipping through the tree branches.	test
/cm/archive/thanhtvt1/MovieGenAudioBenchSfx/video_with_audio/311.mp4	flame crackling and hissing softly.	test
/cm/archive/thanhtvt1/MovieGenAudioBenchSfx/video_with_audio/312.mp4	crackling and popping of the fire as it spreads across the dry grass.	test
/cm/archive/thanhtvt1/MovieGenAudioBenchSfx/video_with_audio/313.mp4	feathers rustling softly in a gentle whooshing sound.	test
/cm/archive/thanhtvt1/MovieGenAudioBenchSfx/video_with_audio/314.mp4	strong wind blowing steadily and rustling the fabric.	test
/cm/archive/thanhtvt1/MovieGenAudioBenchSfx/video_with_audio/315.mp4	whirring of the fan blades spinning rapidly.	test
/cm/archive/thanhtvt1/MovieGenAudioBenchSfx/video_with_audio/316.mp4	gentle lapping of water against the shore, and water splashing and rippling as the hand breaks the surface.	test
/cm/archive/thanhtvt1/MovieGenAudioBenchSfx/video_with_audio/317.mp4	gentle trickling of water down rocky face.	test
/cm/archive/thanhtvt1/MovieGenAudioBenchSfx/video_with_audio/318.mp4	soft lapping of water against the shore, and small droplet of water splashing into the pond.	test
/cm/archive/thanhtvt1/MovieGenAudioBenchSfx/video_with_audio/319.mp4	shovel scrapes against dry earth.	test
/cm/archive/thanhtvt1/MovieGenAudioBenchSfx/video_with_audio/320.mp4	ice cracking with sharp snapping sound, and metal tool scraping against the ice surface.	test
/cm/archive/thanhtvt1/MovieGenAudioBenchSfx/video_with_audio/321.mp4	icicle cracking and shattering sound.	test
/cm/archive/thanhtvt1/MovieGenAudioBenchSfx/video_with_audio/322.mp4	rain pours down heavily, drumming against the umbrella and pavement.	test
/cm/archive/thanhtvt1/MovieGenAudioBenchSfx/video_with_audio/323.mp4	raindrops splashing against the puddle on the leaf.	test
/cm/archive/thanhtvt1/MovieGenAudioBenchSfx/video_with_audio/324.mp4	soft squelching sound of footsteps in the sand, and gentle waves crashing against the shore.	test
/cm/archive/thanhtvt1/MovieGenAudioBenchSfx/video_with_audio/325.mp4	water splashing against the sailboat's hull.	test
/cm/archive/thanhtvt1/MovieGenAudioBenchSfx/video_with_audio/326.mp4	distant rumble of thunder becomes louder and more intense.	test
/cm/archive/thanhtvt1/MovieGenAudioBenchSfx/video_with_audio/327.mp4	thunder roars and rumbles in the distance.	test
/cm/archive/thanhtvt1/MovieGenAudioBenchSfx/video_with_audio/328.mp4	distant thunder rumbles and echoes across the lake and hills.	test
/cm/archive/thanhtvt1/MovieGenAudioBenchSfx/video_with_audio/329.mp4	gurgling water flows and splashes as the person steps into the stream.	test
/cm/archive/thanhtvt1/MovieGenAudioBenchSfx/video_with_audio/330.mp4	wave crashes against rocky shoreline with loud splashing and foamy sounds.	test
/cm/archive/thanhtvt1/MovieGenAudioBenchSfx/video_with_audio/331.mp4	gentle water splashing and trickling over mossy rocks.	test
/cm/archive/thanhtvt1/MovieGenAudioBenchSfx/video_with_audio/332.mp4	whispering wind blows through the leaves.	test
/cm/archive/thanhtvt1/MovieGenAudioBenchSfx/video_with_audio/333.mp4	whooshing sounds of the kite flying through the air.	test
/cm/archive/thanhtvt1/MovieGenAudioBenchSfx/video_with_audio/334.mp4	snow crunches and compresses under heavy footsteps.	test
/cm/archive/thanhtvt1/MovieGenAudioBenchSfx/video_with_audio/335.mp4	howling wind and snowplow's engine roaring.	test
/cm/archive/thanhtvt1/MovieGenAudioBenchSfx/video_with_audio/336.mp4	sound of footsteps on uneven stone ground.	test
/cm/archive/thanhtvt1/MovieGenAudioBenchSfx/video_with_audio/337.mp4	water dripping from the ceiling and echoing off the walls.	test
/cm/archive/thanhtvt1/MovieGenAudioBenchSfx/video_with_audio/338.mp4	echoing crashes and booms as the boulder bounces down the rocky slope.	test
/cm/archive/thanhtvt1/MovieGenAudioBenchSfx/video_with_audio/339.mp4	roaring and crackling of the massive wall of flames.	test
/cm/archive/thanhtvt1/MovieGenAudioBenchSfx/video_with_audio/340.mp4	flames crackling and spitting loudly.	test
/cm/archive/thanhtvt1/MovieGenAudioBenchSfx/video_with_audio/341.mp4	gentle water flowing and splashing against rocks.	test
/cm/archive/thanhtvt1/MovieGenAudioBenchSfx/video_with_audio/342.mp4	hailstones hitting the ground with a rhythmic patter.	test
/cm/archive/thanhtvt1/MovieGenAudioBenchSfx/video_with_audio/343.mp4	gentle lapping of waves against pillars.	test
/cm/archive/thanhtvt1/MovieGenAudioBenchSfx/video_with_audio/344.mp4	soft swooshing of paddle blades through water.	test
/cm/archive/thanhtvt1/MovieGenAudioBenchSfx/video_with_audio/345.mp4	rocks tumble and bounce down the mountain with loud clattering and crashing sounds.	test
/cm/archive/thanhtvt1/MovieGenAudioBenchSfx/video_with_audio/346.mp4	crashing waves against the rocky shore.	test
/cm/archive/thanhtvt1/MovieGenAudioBenchSfx/video_with_audio/347.mp4	gentle lapping of water against the sailboat's hull.	test
/cm/archive/thanhtvt1/MovieGenAudioBenchSfx/video_with_audio/348.mp4	water droplets falling from the awning's edges.	test
/cm/archive/thanhtvt1/MovieGenAudioBenchSfx/video_with_audio/349.mp4	echoing footsteps off the buildings, and sharp, rhythmic taps of rainfall hitting the pavement and buildings.	test
/cm/archive/thanhtvt1/MovieGenAudioBenchSfx/video_with_audio/350.mp4	Heavy raindrops hitting the pavement and flowing water gushes down the street.	test
/cm/archive/thanhtvt1/MovieGenAudioBenchSfx/video_with_audio/351.mp4	water gently gushing and rippling.	test
/cm/archive/thanhtvt1/MovieGenAudioBenchSfx/video_with_audio/352.mp4	water gurgling and splashing as the person steps into the stream.	test
/cm/archive/thanhtvt1/MovieGenAudioBenchSfx/video_with_audio/353.mp4	water rushing over boulders and fallen tree trunks with loud gurgling and splashing.	test
/cm/archive/thanhtvt1/MovieGenAudioBenchSfx/video_with_audio/354.mp4	gentle rustling of leaves and bushes.	test
/cm/archive/thanhtvt1/MovieGenAudioBenchSfx/video_with_audio/355.mp4	sound of crunching footsteps on snow.	test
/cm/archive/thanhtvt1/MovieGenAudioBenchSfx/video_with_audio/356.mp4	crackling and creaking of frozen lake's surface beneath footsteps.	test
/cm/archive/thanhtvt1/MovieGenAudioBenchSfx/video_with_audio/357.mp4	tires screeching and crunching through snow and ice, and blade scraping against the pavement with a loud clanking.	test
/cm/archive/thanhtvt1/MovieGenAudioBenchSfx/video_with_audio/358.mp4	a loud thunderclap booms loudly and shakes the air.	test
/cm/archive/thanhtvt1/MovieGenAudioBenchSfx/video_with_audio/359.mp4	thunder cracks loudly and shakes the ground.	test
/cm/archive/thanhtvt1/MovieGenAudioBenchSfx/video_with_audio/360.mp4	Distant thunder rumbles and grows louder.	test
/cm/archive/thanhtvt1/MovieGenAudioBenchSfx/video_with_audio/361.mp4	rushing sound of the massive volcanic plume.	test
/cm/archive/thanhtvt1/MovieGenAudioBenchSfx/video_with_audio/362.mp4	lava burning and crackling loudly.	test
/cm/archive/thanhtvt1/MovieGenAudioBenchSfx/video_with_audio/363.mp4	gentle water flowing and gurgling over rounded rocks.	test
/cm/archive/thanhtvt1/MovieGenAudioBenchSfx/video_with_audio/364.mp4	water droplet falls with a soft patter.	test
/cm/archive/thanhtvt1/MovieGenAudioBenchSfx/video_with_audio/365.mp4	water cascades down the rocky cliff.	test
/cm/archive/thanhtvt1/MovieGenAudioBenchSfx/video_with_audio/366.mp4	waterfall roaring in the distance with gentle splashing sounds.	test
/cm/archive/thanhtvt1/MovieGenAudioBenchSfx/video_with_audio/367.mp4	Soft hissing of the waterfall and gentle splashing.	test
/cm/archive/thanhtvt1/MovieGenAudioBenchSfx/video_with_audio/368.mp4	soft whoosh sound of the breeze passing through the grass and rocks.	test
/cm/archive/thanhtvt1/MovieGenAudioBenchSfx/video_with_audio/369.mp4	flapping plastic bag crackles and slaps against fence post.	test
/cm/archive/thanhtvt1/MovieGenAudioBenchSfx/video_with_audio/370.mp4	rustling and swishing of fabrics.	test
/cm/archive/thanhtvt1/MovieGenAudioBenchSfx/video_with_audio/371.mp4	creaking of old wooden lid while being lifted.	test
/cm/archive/thanhtvt1/MovieGenAudioBenchSfx/video_with_audio/372.mp4	plastic sheet crinkling and ripping apart.	test
/cm/archive/thanhtvt1/MovieGenAudioBenchSfx/video_with_audio/373.mp4	liquid splashing and gurgling as it flows into the mold.	test
/cm/archive/thanhtvt1/MovieGenAudioBenchSfx/video_with_audio/374.mp4	the sound of toys clattering against the hardwood floor.	test
/cm/archive/thanhtvt1/MovieGenAudioBenchSfx/video_with_audio/375.mp4	creaking and straining of the door's hinges, and footsteps on the creaky floorboards.	test
/cm/archive/thanhtvt1/MovieGenAudioBenchSfx/video_with_audio/376.mp4	footsteps on the concrete patio.	test
/cm/archive/thanhtvt1/MovieGenAudioBenchSfx/video_with_audio/377.mp4	rhythmic tick-tock of alarm clock.	test
/cm/archive/thanhtvt1/MovieGenAudioBenchSfx/video_with_audio/378.mp4	footsteps creaking on the wooden floor, and soft synchronized ticking of antique clocks.	test
/cm/archive/thanhtvt1/MovieGenAudioBenchSfx/video_with_audio/379.mp4	soft rustling of the person's clothing as they move.	test
/cm/archive/thanhtvt1/MovieGenAudioBenchSfx/video_with_audio/380.mp4	telephone bell ringing loudly and repeatedly.	test
/cm/archive/thanhtvt1/MovieGenAudioBenchSfx/video_with_audio/381.mp4	gentle hand movement against the receiver, and click of lifting the receiver.	test
/cm/archive/thanhtvt1/MovieGenAudioBenchSfx/video_with_audio/382.mp4	hairspray can hissing as it dispenses its contents.	test
/cm/archive/thanhtvt1/MovieGenAudioBenchSfx/video_with_audio/383.mp4	bristles scratching and scrubbing against ceramic.	test
/cm/archive/thanhtvt1/MovieGenAudioBenchSfx/video_with_audio/384.mp4	rustling of magazine pages being turned.	test
/cm/archive/thanhtvt1/MovieGenAudioBenchSfx/video_with_audio/385.mp4	Broom bristles scratch against the hardwood floor.	test
/cm/archive/thanhtvt1/MovieGenAudioBenchSfx/video_with_audio/386.mp4	soft swoosh of the blind's slats moving apart.	test
/cm/archive/thanhtvt1/MovieGenAudioBenchSfx/video_with_audio/387.mp4	clinking of fine china and crystal glasses.	test
/cm/archive/thanhtvt1/MovieGenAudioBenchSfx/video_with_audio/388.mp4	fingers rapidly tapping on the keyboard, and soft beeping sounds from the laptop.	test
/cm/archive/thanhtvt1/MovieGenAudioBenchSfx/video_with_audio/389.mp4	water splashing against leaves and soil.	test
/cm/archive/thanhtvt1/MovieGenAudioBenchSfx/video_with_audio/390.mp4	the gentle swooshing of the breeze as it blows through the garden.	test
/cm/archive/thanhtvt1/MovieGenAudioBenchSfx/video_with_audio/391.mp4	gentle clinking as the glass touches the wooden surface, and soft scraping of a hand rubbing a wooden tabletop.	test
/cm/archive/thanhtvt1/MovieGenAudioBenchSfx/video_with_audio/392.mp4	soft humming of appliances in the distance.	test
/cm/archive/thanhtvt1/MovieGenAudioBenchSfx/video_with_audio/393.mp4	gentle rattling and clinking sounds as the pills mix.	test
/cm/archive/thanhtvt1/MovieGenAudioBenchSfx/video_with_audio/394.mp4	snap and rustle of the throw blanket as it unfurls and waves in the air.	test
/cm/archive/thanhtvt1/MovieGenAudioBenchSfx/video_with_audio/395.mp4	torch hissing with a gentle whoosh.	test
/cm/archive/thanhtvt1/MovieGenAudioBenchSfx/video_with_audio/396.mp4	high-pitched scraping of the tool bit against the metal rod.	test
/cm/archive/thanhtvt1/MovieGenAudioBenchSfx/video_with_audio/397.mp4	rustling of papers as they are being handled.	test
/cm/archive/thanhtvt1/MovieGenAudioBenchSfx/video_with_audio/398.mp4	rustling papers and clunking metal.	test
/cm/archive/thanhtvt1/MovieGenAudioBenchSfx/video_with_audio/399.mp4	fingers typing rapidly on a keyboard.	test
/cm/archive/thanhtvt1/MovieGenAudioBenchSfx/video_with_audio/400.mp4	keys clacking rapidly on the keyboard.	test
/cm/archive/thanhtvt1/MovieGenAudioBenchSfx/video_with_audio/401.mp4	rope creaking and scraping against pallet.	test
/cm/archive/thanhtvt1/MovieGenAudioBenchSfx/video_with_audio/402.mp4	metal keys clattering against metal body.	test
/cm/archive/thanhtvt1/MovieGenAudioBenchSfx/video_with_audio/403.mp4	drillsaw roaring loudly as it cuts through metal, and metal pipe clanking and scraping against the drillsaw.	test
/cm/archive/thanhtvt1/MovieGenAudioBenchSfx/video_with_audio/404.mp4	ladder creaking and clanking as the worker climbs.	test
/cm/archive/thanhtvt1/MovieGenAudioBenchSfx/video_with_audio/405.mp4	vibrating metal exterior sounds loudly, and humming motor of air conditioner unit roars to life.	test
/cm/archive/thanhtvt1/MovieGenAudioBenchSfx/video_with_audio/406.mp4	fingers flying across keyboards with soft clicking sounds.	test
/cm/archive/thanhtvt1/MovieGenAudioBenchSfx/video_with_audio/407.mp4	hum of machinery in the background and fluorescent lights buzzing, and rattling and clanking of the cart wheels on the polished concrete floor.	test
/cm/archive/thanhtvt1/MovieGenAudioBenchSfx/video_with_audio/408.mp4	mechanical whirring and high-pitched drill sounds.	test
/cm/archive/thanhtvt1/MovieGenAudioBenchSfx/video_with_audio/409.mp4	water ripples and splashes as the paddle dips in and out.	test
/cm/archive/thanhtvt1/MovieGenAudioBenchSfx/video_with_audio/411.mp4	rhythmic crunch of tires hitting rocks, and hum of the bicycle wheels spinning.	test
/cm/archive/thanhtvt1/MovieGenAudioBenchSfx/video_with_audio/412.mp4	wheels of the skateboard scraping and screeching against the ramp as the skateboarder gains speed.	test
/cm/archive/thanhtvt1/MovieGenAudioBenchSfx/video_with_audio/413.mp4	rocky surface scraping and crunching under climbing shoes.	test
/cm/archive/thanhtvt1/MovieGenAudioBenchSfx/video_with_audio/414.mp4	engine roaring loudly as the sports car accelerates.	test
/cm/archive/thanhtvt1/MovieGenAudioBenchSfx/video_with_audio/415.mp4	screeching sound of wheels on the rusty tracks, and train engine roaring with the diesel motor.	test
/cm/archive/thanhtvt1/MovieGenAudioBenchSfx/video_with_audio/416.mp4	rattling of the train wheels against the tracks.	test
/cm/archive/thanhtvt1/MovieGenAudioBenchSfx/video_with_audio/417.mp4	hum of the bus's engine roaring to life.	test
/cm/archive/thanhtvt1/MovieGenAudioBenchSfx/video_with_audio/418.mp4	powerful engines revving and roaring loudly.	test
/cm/archive/thanhtvt1/MovieGenAudioBenchSfx/video_with_audio/419.mp4	rumbling of the ferry boat engines, and water splashing against the hull of the ferry boat as it moves through the harbor.	test
/cm/archive/thanhtvt1/MovieGenAudioBenchSfx/video_with_audio/420.mp4	gentle lapping of water against the sailboat's hull.	test
/cm/archive/thanhtvt1/MovieGenAudioBenchSfx/video_with_audio/421.mp4	the bicycle's chain shifts smoothly with a soft clinking sound, and the tires hum against the pavement with a steady rhythm.	test
/cm/archive/thanhtvt1/MovieGenAudioBenchSfx/video_with_audio/422.mp4	tires screech and gravel crunches beneath the bike's wheels.	test
/cm/archive/thanhtvt1/MovieGenAudioBenchSfx/video_with_audio/423.mp4	roller skates' wheels spinning rapidly.	test
/cm/archive/thanhtvt1/MovieGenAudioBenchSfx/video_with_audio/424.mp4	rotors spinning rapidly with a loud whooshing sound.	test
/cm/archive/thanhtvt1/MovieGenAudioBenchSfx/video_with_audio/425.mp4	engine revving loudly and accelerating.	test
/cm/archive/thanhtvt1/MovieGenAudioBenchSfx/video_with_audio/426.mp4	revving engine of the ATV precedes acceleration.	test
/cm/archive/thanhtvt1/MovieGenAudioBenchSfx/video_with_audio/427.mp4	roaring engine accelerates and decelerates, and gravel and dirt crunch beneath the wheels.	test
/cm/archive/thanhtvt1/MovieGenAudioBenchSfx/video_with_audio/428.mp4	tires splashing through the mud with globs of mud flying in all directions.	test
/cm/archive/thanhtvt1/MovieGenAudioBenchSfx/video_with_audio/429.mp4	drone's rotors whirring and humming as it flies steadily.	test
/cm/archive/thanhtvt1/MovieGenAudioBenchSfx/video_with_audio/430.mp4	engine roars loudly and treads screech against ground.	test
/cm/archive/thanhtvt1/MovieGenAudioBenchSfx/video_with_audio/431.mp4	rifle parts clinking and snapping into place.	test
/cm/archive/thanhtvt1/MovieGenAudioBenchSfx/video_with_audio/432.mp4	explosive bursts loudly with intense shockwave.	test
/cm/archive/thanhtvt1/MovieGenAudioBenchSfx/video_with_audio/433.mp4	rapid punching sounds with a loud thud on the bag.	test
/cm/archive/thanhtvt1/MovieGenAudioBenchSfx/video_with_audio/434.mp4	gloved fists thud against the gloves with each punch.	test
/cm/archive/thanhtvt1/MovieGenAudioBenchSfx/video_with_audio/435.mp4	martial artist's fist and foot slams into the training dummy with a loud thud.	test
/cm/archive/thanhtvt1/MovieGenAudioBenchSfx/video_with_audio/436.mp4	loud rumbling of the tank's engines, and crunching and screeching of the tank's treads.	test
/cm/archive/thanhtvt1/MovieGenAudioBenchSfx/video_with_audio/437.mp4	flamethrower hissing loudly as it shoots out flames.	test
/cm/archive/thanhtvt1/MovieGenAudioBenchSfx/video_with_audio/438.mp4	crunching and snapping of the apple's flesh, and munching and smacking sounds of eating.	test
/cm/archive/thanhtvt1/MovieGenAudioBenchSfx/video_with_audio/439.mp4	sound of loud air burst from nose, and relieved sigh of person after blowing nose.	test
/cm/archive/thanhtvt1/MovieGenAudioBenchSfx/video_with_audio/440.mp4	water gurgling and splashing in the bottle.	test
/cm/archive/thanhtvt1/MovieGenAudioBenchSfx/video_with_audio/441.mp4	creaking of old wooden rocking chair.	test
/cm/archive/thanhtvt1/MovieGenAudioBenchSfx/video_with_audio/442.mp4	soft smack of lips releasing from the rim of the cup.	test
/cm/archive/thanhtvt1/MovieGenAudioBenchSfx/video_with_audio/443.mp4	gentle rustling of the baby's clothes and soft cooing.	test
/cm/archive/thanhtvt1/MovieGenAudioBenchSfx/video_with_audio/444.mp4	baby's joyful giggles and gurgling sounds.	test
/cm/archive/thanhtvt1/MovieGenAudioBenchSfx/video_with_audio/445.mp4	gentle snores with a soothing rhythm.	test
/cm/archive/thanhtvt1/MovieGenAudioBenchSfx/video_with_audio/446.mp4	the sound of hands clapping together loudly and quickly.	test
/cm/archive/thanhtvt1/MovieGenAudioBenchSfx/video_with_audio/447.mp4	loud, sharp clapping sounds echo through the stadium, and a low, muffled roar of the crowd provides a distant background hum.	test
/cm/archive/thanhtvt1/MovieGenAudioBenchSfx/video_with_audio/448.mp4	sharp clapping sound echoes in the room.	test
/cm/archive/thanhtvt1/MovieGenAudioBenchSfx/video_with_audio/449.mp4	hiking pole scrapes against the ground.	test
/cm/archive/thanhtvt1/MovieGenAudioBenchSfx/video_with_audio/450.mp4	the sound of the woman's sobs and sniffling, seagulls squawking in the distance, and waves crashing against the shore.	test
/cm/archive/thanhtvt1/MovieGenAudioBenchSfx/video_with_audio/451.mp4	Muffled sobs and sniffling with faint whispers in the background.	test
/cm/archive/thanhtvt1/MovieGenAudioBenchSfx/video_with_audio/452.mp4	person's body weight shifts with a muffled thud on the couch.	test
/cm/archive/thanhtvt1/MovieGenAudioBenchSfx/video_with_audio/455.mp4	cheering crowd and laughter fills the air.	test
/cm/archive/thanhtvt1/MovieGenAudioBenchSfx/video_with_audio/456.mp4	agonized groans and heavy breathing.	test
/cm/archive/thanhtvt1/MovieGenAudioBenchSfx/video_with_audio/457.mp4	heavy breathing and labored gasping.	test
/cm/archive/thanhtvt1/MovieGenAudioBenchSfx/video_with_audio/459.mp4	the wind is howling and whipping through the person's hair.	test
/cm/archive/thanhtvt1/MovieGenAudioBenchSfx/video_with_audio/463.mp4	creaking of old couch as person stretches.	test
/cm/archive/thanhtvt1/MovieGenAudioBenchSfx/video_with_audio/464.mp4	a sudden, exaggerated yawn echoes through the office, and the creaking of the office chair's worn hinges.	test
/cm/archive/thanhtvt1/MovieGenAudioBenchSfx/video_with_audio/465.mp4	thundering footsteps pounding the grassy field.	test
/cm/archive/thanhtvt1/MovieGenAudioBenchSfx/video_with_audio/466.mp4	hockey stick slapping the puck loudly, and ice skates scraping and scratching the ice.	test
/cm/archive/thanhtvt1/MovieGenAudioBenchSfx/video_with_audio/467.mp4	players' skates scraping the ice.	test
/cm/archive/thanhtvt1/MovieGenAudioBenchSfx/video_with_audio/468.mp4	rock climber's hands grasping and releasing holds with a sharp, distinct sound.	test
/cm/archive/thanhtvt1/MovieGenAudioBenchSfx/video_with_audio/469.mp4	splash of water and loud thud as person hits the surface.	test
/cm/archive/thanhtvt1/MovieGenAudioBenchSfx/video_with_audio/470.mp4	the sound of wheels rolling on the smooth surface of the parking lot.	test
/cm/archive/thanhtvt1/MovieGenAudioBenchSfx/video_with_audio/471.mp4	snow crunching under the snowboard's edge.	test
/cm/archive/thanhtvt1/MovieGenAudioBenchSfx/video_with_audio/472.mp4	strong splashing sounds as the swimmer's arms and legs move through the water.	test
/cm/archive/thanhtvt1/MovieGenAudioBenchSfx/video_with_audio/473.mp4	water splashes loudly and vibrates the surface.	test
/cm/archive/thanhtvt1/MovieGenAudioBenchSfx/video_with_audio/474.mp4	pounding thudding sounds of fists hitting the punching bag, and rustling and creaking of the punching bag's chain and leather.	test
/cm/archive/thanhtvt1/MovieGenAudioBenchSfx/video_with_audio/475.mp4	martial artist's feet thudding rapidly on the mat, and punching sounds with swift whooshing noises.	test
/cm/archive/thanhtvt1/MovieGenAudioBenchSfx/video_with_audio/476.mp4	pads and jerseys crunching and clashing loudly.	test
/cm/archive/thanhtvt1/MovieGenAudioBenchSfx/video_with_audio/477.mp4	smooth swoosh of the clubhead cutting through the air, followed by a sharp crack of the club striking the ball.	test
/cm/archive/thanhtvt1/MovieGenAudioBenchSfx/video_with_audio/478.mp4	grunting and heavy breathing sounds, and weights clanking and metal creaking.	test
/cm/archive/thanhtvt1/MovieGenAudioBenchSfx/video_with_audio/479.mp4	Heavy breathing and grunting from the weightlifter, and metal weights clanking and scraping against each other as the dumbbell is lifted.	test
/cm/archive/thanhtvt1/MovieGenAudioBenchSfx/video_with_audio/480.mp4	ice skates scraping against the ground.	test
/cm/archive/thanhtvt1/MovieGenAudioBenchSfx/video_with_audio/481.mp4	tires screeching and the sound of speed-shifting through gears.	test
/cm/archive/thanhtvt1/MovieGenAudioBenchSfx/video_with_audio/482.mp4	Rapid metal clanking and clicking of the gearshift, and Engine revving and humming with vibrations.	test
/cm/archive/thanhtvt1/MovieGenAudioBenchSfx/video_with_audio/483.mp4	firing with paintballs bursting and splattering on wall.	test
/cm/archive/thanhtvt1/MovieGenAudioBenchSfx/video_with_audio/484.mp4	Roller skates glide smoothly across the floor, wheels rumbling and squeaking.	test
/cm/archive/thanhtvt1/MovieGenAudioBenchSfx/video_with_audio/485.mp4	the skateboard wheels scraping and grinding on the ground.	test
/cm/archive/thanhtvt1/MovieGenAudioBenchSfx/video_with_audio/486.mp4	cue tip scratching against cue ball.	test
/cm/archive/thanhtvt1/MovieGenAudioBenchSfx/video_with_audio/487.mp4	the sound of a soccer ball rolling and bouncing on the grass, with a low-pitched whooshing sound.	test
/cm/archive/thanhtvt1/MovieGenAudioBenchSfx/video_with_audio/488.mp4	a sudden whoosh sound as the wave starts to lift the surfboard.	test
/cm/archive/thanhtvt1/MovieGenAudioBenchSfx/video_with_audio/489.mp4	the sound of the wave crashing against the shore, and footsteps on sand.	test
/cm/archive/thanhtvt1/MovieGenAudioBenchSfx/video_with_audio/491.mp4	snow crunching and scraping beneath the snowboard.	test
/cm/archive/thanhtvt1/MovieGenAudioBenchSfx/video_with_audio/492.mp4	metallic coil toy bouncing and boinging loudly.	test
/cm/archive/thanhtvt1/MovieGenAudioBenchSfx/video_with_audio/493.mp4	whoosh sound is heard loudly as the cape flaps.	test
/cm/archive/thanhtvt1/MovieGenAudioBenchSfx/video_with_audio/494.mp4	the person's hand smacks against the wall with a wet splat.	test
/cm/archive/thanhtvt1/MovieGenAudioBenchSfx/video_with_audio/495.mp4	the sound of scraping and sliding as the burglar's body tumbles down the stairs.	test
/cm/archive/thanhtvt1/MovieGenAudioBenchSfx/video_with_audio/496.mp4	paper unfolds with a sharp crackle and rustling.	test
/cm/archive/thanhtvt1/MovieGenAudioBenchSfx/video_with_audio/497.mp4	vigorous rattling and clinking of trinkets and charms.	test
/cm/archive/thanhtvt1/MovieGenAudioBenchSfx/video_with_audio/498.mp4	creaking and squeaking of old wooden planks.	test
/cm/archive/thanhtvt1/MovieGenAudioBenchSfx/video_with_audio/499.mp4	equipment beeps and whirs as alien move.	test
/cm/archive/thanhtvt1/MovieGenAudioBenchSfx/video_with_audio/500.mp4	footsteps echoing through the dark space station.	test
/cm/archive/thanhtvt1/MovieGenAudioBenchSfx/video_with_audio/501.mp4	electronic beeps pulsate in rhythmic pattern.	test
/cm/archive/thanhtvt1/MovieGenAudioBenchSfx/video_with_audio/502.mp4	neon buttons clicking and humming.	test
/cm/archive/thanhtvt1/MovieGenAudioBenchSfx/video_with_audio/503.mp4	electrical humming and buzzing of machinery in the background.	test
/cm/archive/thanhtvt1/MovieGenAudioBenchSfx/video_with_audio/504.mp4	laser beam firing with a sharp, pulsing crackle.	test
/cm/archive/thanhtvt1/MovieGenAudioBenchSfx/video_with_audio/505.mp4	console beeps and hums as it pulses with energy.	test
/cm/archive/thanhtvt1/MovieGenAudioBenchSfx/video_with_audio/506.mp4	metallic claws clattering and retracting rapidly.	test
/cm/archive/thanhtvt1/MovieGenAudioBenchSfx/video_with_audio/507.mp4	pulsating beeps and chimes emanate from the cylindrical pillar.	test
/cm/archive/thanhtvt1/MovieGenAudioBenchSfx/video_with_audio/508.mp4	mechanical whirring and creaking as the robot's limbs unfold, and clanking footsteps of the metal robot.	test
/cm/archive/thanhtvt1/MovieGenAudioBenchSfx/video_with_audio/509.mp4	small metallic parts clinking together.	test
/cm/archive/thanhtvt1/MovieGenAudioBenchSfx/video_with_audio/510.mp4	gravel and rocks crunch and slide beneath the astronaut's boots, and the portal hums and pulses with a low, oscillating pitch.	test
/cm/archive/thanhtvt1/MovieGenAudioBenchSfx/video_with_audio/511.mp4	Glowing orb emits series of high-pitched wailing tones.	test
/cm/archive/thanhtvt1/MovieGenAudioBenchSfx/video_with_audio/512.mp4	mechanical whirring of the robotic arm, and electronic humming of the console.	test
/cm/archive/thanhtvt1/MovieGenAudioBenchSfx/video_with_audio/513.mp4	clanking and whirring of metallic limbs unfolding, sparks crackling and flying from joints, and echoing clangs of metal plates hitting the ground.	test
/cm/archive/thanhtvt1/MovieGenAudioBenchSfx/video_with_audio/514.mp4	the orb pulsating with a low, rhythmic thud.	test
/cm/archive/thanhtvt1/MovieGenAudioBenchSfx/video_with_audio/515.mp4	astronaut's heavy breathing and footsteps echoing in the empty space.	test
/cm/archive/thanhtvt1/MovieGenAudioBenchSfx/video_with_audio/516.mp4	hissing hydraulic systems grow louder then soft, and thick wheels rumble on the ground.	test
/cm/archive/thanhtvt1/MovieGenAudioBenchSfx/video_with_audio/517.mp4	intricate mechanical parts clinking and rattling softly.	test
/cm/archive/thanhtvt1/MovieGenAudioBenchSfx/video_with_audio/518.mp4	muddy sound of digging and squelching.	test
/cm/archive/thanhtvt1/MovieGenAudioBenchSfx/video_with_audio/519.mp4	muddy splatter and sucking sounds with each step.	test
/cm/archive/thanhtvt1/MovieGenAudioBenchSfx/video_with_audio/520.mp4	splashing and squelching sounds of boots in puddles.	test
/cm/archive/thanhtvt1/MovieGenAudioBenchSfx/video_with_audio/521.mp4	shiny dress shoes clicking on the wet ground.	test
/cm/archive/thanhtvt1/MovieGenAudioBenchSfx/video_with_audio/522.mp4	gemstones and jewels clinking and scraping against each other.	test
/cm/archive/thanhtvt1/MovieGenAudioBenchSfx/video_with_audio/523.mp4	velvet fabric rustling as pedestal rotates.	test
/cm/archive/thanhtvt1/MovieGenAudioBenchSfx/video_with_audio/524.mp4	the suitcase wheels rolling and rattling on the floor, and footsteps echoing off the walls and floor of the hallway.	test
/cm/archive/thanhtvt1/MovieGenAudioBenchSfx/video_with_audio/525.mp4	metal gate creaks and groans as it swings open, and person's heavy breathing and footsteps are audible in the background.	test
/cm/archive/thanhtvt1/MovieGenAudioBenchSfx/video_with_audio/526.mp4	rustling and crunching of leaves and petals as the bouquet is shaken.	test
/cm/archive/thanhtvt1/MovieGenAudioBenchSfx/video_with_audio/527.mp4	gravel and rocks crunching beneath hiking boots.	test
/cm/archive/thanhtvt1/MovieGenAudioBenchSfx/video_with_audio/528.mp4	wooden spool creaks and groans as rope unwinds, and rhythmic sound of rope unwinding from spool.	test
/cm/archive/thanhtvt1/MovieGenAudioBenchSfx/video_with_audio/529.mp4	rattling of chain and anchor as ship settles into place.	test
/cm/archive/thanhtvt1/MovieGenAudioBenchSfx/video_with_audio/530.mp4	squelching sounds with each step.	test
/cm/archive/thanhtvt1/MovieGenAudioBenchSfx/video_with_audio/531.mp4	rustling of the burlap sack, accompanied by clanking of old tools and rusty machinery parts.	test
/cm/archive/thanhtvt1/MovieGenAudioBenchSfx/video_with_audio/532.mp4	footsteps sink into sand with a crunching sound.	test
/cm/archive/thanhtvt1/MovieGenAudioBenchSfx/video_with_audio/533.mp4	wheels creaking as the cart is pushed across the floor, and footsteps echoing off the shelves as the woman walks down the aisle.	test
/cm/archive/thanhtvt1/MovieGenAudioBenchSfx/video_with_audio/534.mp4	strong wind blows and whistles loudly.	test
/cm/archive/thanhtvt1/MovieGenAudioBenchSfx/video_with_audio/535.mp4	the fabric swooshes through the air with a soft whooshing sound.	test
/cm/archive/thanhtvt1/MovieGenAudioBenchSfx/video_with_audio/536.mp4	the wooden mallet scrapes against the log as it strikes.	test
/cm/archive/thanhtvt1/MovieGenAudioBenchSfx/video_with_audio/537.mp4	scraping of wooden spoon against wooden bowl.	test
